fold,model,acc,bal_acc,macro_f1,nll
0,majority/prior baseline,0.9606164383561644,0.3333333333333333,,0.3228277543727002
0,mc_dropout,0.9606164383561644,0.3333333333333333,0.3266375545851528,0.22772522270679474
0,mc_dropout_weighted,0.9126712328767124,0.33571004159239454,0.20153915391539154,0.35761287808418274
0,variational_bnn,0.9503424657534246,0.32976827094474154,0.19507908611599295,0.23743830621242523
0,deep_ensemble,0.958904109589041,0.3517528223410576,0.3596614127262114,0.22903001308441162
0,deep_ensemble_dropout_members,0.9571917808219178,0.33214497920380276,0.19562554680664918,0.25255829095840454
0,deep_ensemble_early_stop,0.9606164383561644,0.3333333333333333,0.3266375545851528,0.2274334728717804
1,majority/prior baseline,0.9845890410958904,0.3333333333333333,,0.16080414985772223
1,mc_dropout,0.9845890410958904,0.3333333333333333,0.3307448950244464,0.06978371739387512
1,mc_dropout_weighted,0.916095890410959,0.5300483091787439,0.3759440809879196,0.2779105603694916
1,variational_bnn,0.9845890410958904,0.3333333333333333,0.3307448950244464,0.07691178470849991
1,deep_ensemble,0.9811643835616438,0.3871497584541063,0.3968253968253968,0.08262467384338379
1,deep_ensemble_dropout_members,0.9845890410958904,0.3333333333333333,0.3307448950244464,0.07209105789661407
1,deep_ensemble_early_stop,0.9845890410958904,0.3333333333333333,0.3307448950244464,0.09523629397153854
2,majority/prior baseline,0.8356164383561644,0.2,,0.7139693754181884
2,mc_dropout,0.8356164383561644,0.22155393304862928,0.22475784006225266,0.6010968685150146
2,mc_dropout_weighted,0.6712328767123288,0.3437145459276607,0.2421388377578305,0.8881976008415222
2,variational_bnn,0.827054794520548,0.23020602776629778,0.23189708636517142,0.4898734390735626
2,deep_ensemble,0.8202054794520548,0.20701275045537343,0.19514679027953363,0.9847592711448669
2,deep_ensemble_dropout_members,0.8373287671232876,0.2324046011847362,0.23927947409393652,0.6232379078865051
2,deep_ensemble_early_stop,0.833904109589041,0.21559588862867546,0.20639066316105845,0.7639347910881042
3,majority/prior baseline,0.7962328767123288,0.2,,0.8149677955305006
3,mc_dropout,0.8116438356164384,0.23839037927844592,0.24102773794397714,0.8281365633010864
3,mc_dropout_weighted,0.7363013698630136,0.3188959346682184,0.3163658671321544,0.6993948817253113
3,variational_bnn,0.8116438356164384,0.24249311171456137,0.24916569086651053,0.6469544768333435
3,deep_ensemble,0.8116438356164384,0.23866790009250693,0.24783886531652172,1.3477267026901245
3,deep_ensemble_dropout_members,0.809931506849315,0.23432007400555044,0.23661342622091955,0.8935384750366211
3,deep_ensemble_early_stop,0.7962328767123288,0.2,0.1773117254528122,0.6855572462081909
4,majority/prior baseline,0.886986301369863,0.2,,0.49904216441660415
4,mc_dropout,0.898972602739726,0.3113197613197613,0.3216182390615922,0.3767562508583069
4,mc_dropout_weighted,0.8287671232876712,0.30405607905607906,0.304443769458577,0.4926377534866333
4,variational_bnn,0.9041095890410958,0.3609190359190359,0.3588883016208598,0.3067619204521179
4,deep_ensemble,0.8938356164383562,0.31190971190971195,0.2956967086904406,0.5736401677131653
4,deep_ensemble_dropout_members,0.8955479452054794,0.29238036738036743,0.3104172140596125,0.43531253933906555
4,deep_ensemble_early_stop,0.8835616438356164,0.2768135018135018,0.27697478991596636,0.38131389021873474
